Afghanistan,1149,Afghanistan
Africa,1126,Africa
Analysis,1059,"Analysis by NPR commentators, including Ted Koppel. Subscribe to our free podcast."
Animals,1132,Animals
Architecture,1142,Architecture
Around the Nation,1091,Stories of Local interest
Art & Design,1047,"NPR explores the visual arts including design, photography, sculpture, and architecture. Interviews, commentary, and audio. Subscribe to the RSS feed."
Arts & Life,1008,"Art and entertainment commentary plus interviews, book reviews, movie reviews, music reviews, comedy, and visual art. Subscribe to podcasts and follow trends in music, painting, art, architecture, photography, and design."
Asia,1125,Asia
Author Interviews,1033,"NPR interviews with top authors and the NPR Book Tour, a weekly feature and podcast where leading authors read and discuss their writing. Subscribe to the RSS feed."
Book News & Features,1161,"Headlines, trends and profiles from the world of publishing."
Book Reviews,1034,"Summary judgment on books of note, from NPR personalities, independent booksellers and critics from across the public-radio spectrum."
Books,1032,"NPR's brings you news about books and authors along with our picks for great reads. Interviews, reviews, the NPR Bestseller Lists, New in Paperback and much more."
Brain Candy,1130,Brain Candy
Business,1006,"Find the latest business news with reports on Wall Street, interest rates, banking, companies, and U.S. and world financial markets. Subscribe to the Business Story of the Day podcast."
Business Story of the Day,1095,"NPR's top stories about business, money, Wall Street, companies, and the economy that you can't miss. Subscribe to the Business Story of the Day RSS feed."
Children's Health,1030,"NPR reports on children's health and medical news including health insurance, new treatments for diseases, and child product safety recalls. Subscribe to the RSS feed."
Columns,1058,"NPR columnists discuss news, politics, sports, and culture. Download podcasts and RSS feeds."
Commentary,1060,"NPR's acclaimed commentary on news, politics, and sports. Subscribe to RSS news feeds and podcasts."
Dance,1145,Dance
Digital Life,1049,"NPR's stories on information technology, computing, and the internet. Download podcasts and subscribe to RSS feeds. Listen to audio online."
Diversions,1051,"Irrestible and odd stories from news, culture, sports, and literature. Subscribe to the Diversions RSS feed."
Economy,1017,"NPR news on the U.S. and world economy, the World Bank, and Federal Reserve. Commentary on economic trends. Subscribe to NPR Economy podcasts and RSS feeds."
Education,1013,"NPR news and commentary on education, schools, colleges and universities, and emerging trends in learning. Listen to audio and subscribe to RSS feeds."
Election 2008,1102,"In-depth coverage of the 2008 presidential election, Democratic and Republican candidates, and primary elections and caucuses. Listen to audio and video reports from the campaign trail. Interactive features include a primary calendar and an interactive election map."
Election 2008: Congressional & State Races,1114,"NPR looks at the key House, Senate and gubernatorial races for November 2008."
Election 2008: Issues,1111,"NPR provides in-depth coverage of election issues, from the Iraq war to the economy to health care."
"Election 2008: Money, Media & Influence",1113,"NPR looks at the political process in the 2008 presidential election, including campaign finance, media coverage and the role of lobbyists."
Election 2008: On the Campaign Trail,1115,NPR examines the presidential candidates on the campaign trail.
Election 2008: Voting Groups,1112,"NPR looks at the key voting groups for election 2008, including white working-class voters, Hispanics and women."
Election 2008: Voting Problems,1121,"NPR examines voting problems for the 2008 election with a look at voter intimidation, voter fraud, registration irregularities and other issues at the polls."
Elections,139482413,Explore NPR's coverage of the battle for the White House. You'll also find the latest news about House and Senate races and key statewide contests.
Energy,1131,Energy
Environment,1025,"Breaking news on the environment, climate change, pollution, and endangered species. Also featuring Climate Connections, a special series on climate change co-produced by NPR and National Geographic."
Europe,1124,Europe
Fine Art,1141,Fine Art
Fitness & Nutrition,1134,Fitness & Nutrition
Food,1053,"Stories on food, nutrition, recipes, cooking, cookbook reviews, and health. Download Food and Hidden Kitchen podcasts and subscribe to RSS feeds."
From Our Listeners,1061,Listeners respond by email and phone to NPR stories. Subscribe to the Listeners RSS feed.
Games & Humor,1052,"Games, puzzles, and contests plus odd stories from comedy, art, and society."
Gardening,1054,"NPR stories about gardening, plants, and food crops. Read interviews and commentary and subscribe to the Gardening RSS feed."
Global Health,1031,"NPR news on world health issues, disease control, public health and sanitation, and health education. Subscribe to the RSS feed."
Gov. Sarah Palin,1120,Browse NPR coverage of Republican vice-presidential candidate Alaska Gov. Sarah Palin.
Governing,1123,Governing
Health,1128,Health
Health Care,1027,"The state of health care, health insurance, new medical research, disease prevention, and drug treatments. Interviews, news, and commentary from NPR's correspondents. Subscribe to podcasts."
History,1136,History
Holiday Story of the Day,1096,"The holiday stories that you can't miss. Christmas, Hannukah, Kwanzaa, and New Year's. Subscribe to the Holiday Story of the Day RSS feed."
Home Page Top Stories,1002,"NPR delivers breaking national and world news. Also top stories from business, politics, health, science, technology, music, arts and culture. Subscribe to podcasts and RSS feeds."
House & Senate Races,139545299,Explore NPR's latest coverage of the 2012 congressional contests.
Humans,1129,Humans
Indian Ocean Tsunami 2004-05,1081,NPR Coverage of the great Indian Ocean tsunami and its aftermath. Interviews and stories about the plight of refugees and efforts to rebuild.
Interviews,1022,"NPR interviews famous and everyday individuals, including world leaders and political figures, artists, writers, musicians, and unique people in your community."
Iraq,1010,"NPR's ongoing coverage of the Iraq War's effects abroad and on the home front. Stories of soldiers, marines, sailors, airmen, veterans and their families. Iraq's effects on politics, society, and diplomacy. Photos, audio and commentary. Subscribe to the Iraq RSS feed."
Israeli-Palestinian Coverage,1101,"NPR provides free transcripts of Middle East coverage from Morning Edition, All Things Considered, Weekend Edition, Tell Me More, and Talk of the Nation. Stories about Israel, Palestine, and the Arab states."
Katrina & Beyond,1093,NPR coverage of Hurricane Katrina and the aftermath. Interviews with hurricane victims and rebuilding efforts in New Orleans and Mississippi.
Latin America,1127,Latin America
Law,1070,"NPR stories on legal issues, court rulings, Supreme Court hearings, new laws and government investigations. Download the NPR Justice Talking podcast and subscribe to the Legal Affairs RSS feed."
Lost & Found Sound,1074,"NPR's Lost & Found Sound series explores newly discovered audio and music sessions, home audio, and listener submitted sounds and interviews. Subscribe to the RSS feed of never before played audio and sounds."
Low-Wage America,1076,"NPR stories about low-wage America, the income gap between rich and poor, affordable housing, welfare, medicaid, social security, and healthcare for the working poor."
Media,1020,"News about the state of the media. Trends in broadcast and print media, television, and radio journalism. Download podcasts and RSS feeds."
Medical Treatments,1135,Medical Treatments
Mental Health,1029,"NPR covers mental health, happiness, depression, and treatment options. Subscribe to the RSS feed."
Middle East,1009,"Middle East news, arts, culture, and politics. Updates on Iraq, Israel, Palestine, Iran, OPEC, and the Persian Gulf states NPR streaming audio. Subscribe to the Middle East RSS feed."
Movie Interviews,1137,Movie Interviews
Movie Reviews,4467349,"Reviews of new movies, classic and art films, foreign films, and popular movies. Featuring Bob Mondello, Kenneth Turan, David Edelstein, and Mark Jenkins."
Movies,1045,"NPR Movies podcast, movie reviews, and commentary on new and classic films. Interviews with filmmakers, actors, and actresses."
Multimedia,1147,National Public Radio offers up radio with a vision. Presenting NPR multimedia: the Picture Show blog and the Radio Pictures video podcast - quality visuals to go with NPR's quality sound.
National Security,1122,National Security
News,1001,"NPR news, audio, and podcasts. Coverage of breaking stories, national and world news, politics, business, science, technology, and extended coverage of major national and world events."
NPR News Investigations,1150,NPR News Investigations
On Aging,1028,"NPR stories and audio on aging, longevity, retirement, and senior issues. More articles on health care, leisure, disease prevention, and housing. Subscribe to the RSS feed."
On Disabilities,1133,On Disabilities
Opinion,1057,Editorial opinions and commentary on news events and world events. Download podcasts and subscribe to RSS feeds.
Performing Arts,1046,"News, interviews, and commentary on theater, the arts, music, and dance."
Photography,1143,Photography
Political Data & Technology,455776378,Political Data & Technology
Political Demographics,455778960,Political Demographics
Politics,1014,"NPR's expanded coverage of U.S. and world politics, the latest news from Congress and the White House, and elections."
Politics & Pop Culture,455779148,Politics & Pop Culture
Politics: Fact Check,455779263,Politics: Fact Check
Politics: Issues,455779709,Politics: Issues
Politics: Member Stations,455779583,Politics: Member Stations
Pop Culture,1048,News and commentary on popular culture trends. Download the Pop Culture podcast.
Presidential Race,139544303,Explore NPR's latest coverage of the race for the White House.
Race,1015,"NPR stories on race and ethnicity. Commentary on race's effects on politics, culture, society. Subscribe to NPR podcasts and RSS feeds on race and ethnicity issues."
Radio Expeditions,1023,"A co-production of NPR and the National Geographic Society. Explore our world's environments, cultures, and wildlife through interviews, narrative, and sounds. Subscribe to the Radio Expeditions RSS feed."
Recipes,1139,Recipes
Religion,1016,"NPR's stories on U.S. and world religion, spirituality, ethics, and moral issues affecting society and culture. Subscribe to NPR Religion RSS feeds."
Remembrances,1062,NPR remembrances of remarkable individuals. Also obituaries and and tributes to great individuals. Subscribe to the Remembrances podcast.
Research News,1024,"New advances in science, medicine, health, and technology.Stem cell research, drug research, and new treatments for disease."
Science,1007,"The latest health and science news. Updates on medicine, healthy living, nutrition, drugs, diet, and advances in science and technology. Subscribe to the Health & Science podcast."
Sen. Barack Obama (D-IL),1117,Browse NPR coverage of Democratic presidential candidate Illinois Sen. Barack Obama.
Sen. Hillary Clinton (D-NY),1116,Browse NPR coverage of Democratic presidential candidate New York Sen. Hillary Clinton.
Sen. John McCain (R-AZ),1118,Browse NPR coverage of Republican presidential candidate Arizona Sen. John McCain.
Sen. Joseph Biden (D-DE),1119,Browse NPR coverage of Democratic vice-presidential candidate Delaware Sen. Joseph Biden.
Social Security Debate,1083,"News and analysis on the Social Security debate. Pending legislation, political viewpoints, and news about retirement. Subscribe to the Social Security RSS feed."
Space,1026,"NPR coverage of space exploration, space shuttle missions, news from NASA, private space exploration, satellite technology, and new discoveries in astronomy and astrophysics."
Sports,1055,NPR sports news and interviews. Listen to Frank Deford's sport commentary and download the sports podcast.
Statewide Races,139545485,"Explore NPR's coverage of gubernatorial contests, ballot issues and other statewide elections in 2012."
Story of the Day,1090,"NPR's daily top stories that you can't miss. Exceptional, moving, offbeat, or just plain funny. Subscribe to the Story of the Day podcast."
Strange News,1146,Unlikely stories from around the nation and the world.
Summer,1088,"NPR stories about summer. Living, eating, diversions, health, and summer traditions. Subscribe to the Summer RSS feed."
Summer Reading: Cooking,1087,Fresh recipes and cookbooks for summer reading. Subscribe to the RSS feed.
Summer Reading: Fiction,1085,"Selections for great summer fiction. Book reviews, excerpts, and author interviews. Suscribe to the Summer Fiction RSS feed."
Summer Reading: Kids,1086,"NPR's selections of summer reading for kids. Excerpts, interviews, and reviews. Subscribe to RSS feeds."
Summer Reading: Nonfiction,1089,"Selections for great summer nonfiction. Book reviews, excerpts, and author interviews. Suscribe to the Summer Reading Nonfiction RSS feed."
Technology,1019,"Latest technology news and breakthroughs in technology, science, and industry. Download the NPR Technology podcast and Technology RSS feed."
Television,1138,Television
The Impact of War,1078,"NPR news and stories about the wars in Iraq and Afghanistan. Interviews with soldiers, world leaders, veterans, and families on the home front. Read and listen to stories and subscribe to RSS feeds."
The Second Term,1077,NPR stories about George W. Bush's second term as 43rd President of the United States
Theater,1144,Theater
U.S.,1003,"NPR coverage of national news, U.S. politics, elections, business, arts, culture, health and science, and technology. Subscribe to the NPR Nation RSS feed."
World,1004,"NPR world news, international art and culture, world business and financial markets, world economy, and global trends in health, science and technology. Subscribe to the World Story of the Day podcast and RSS feed."
World Story of the Day,1056,"NPR's top daily news about world events, politics, economy, and culture. Download the World Story of the Day podcast."
Your Health,1066,"News and commentary about personal health, medicine, healthcare, drugs, diet, recipes, and nutrition. Download the Your Health podcast and subscribe to our RSS feed."
Your Money,1018,"NPR coverage of personal finance, money, investing, taxes, retirement, mortgages and housing markets, wealth management, and stock market news. Download NPR podcasts and RSS feeds."
Blues,139998151,NPR Music stories that feature blues music.
Classical,10003,"Classical music performances and features from NPR news, NPR cultural programs, and NPR Music stations."
Concerts,1109,"Performances from today's top artists, filmed at venues and festivals across the country."
Country,92792712,Performances and stories featuring traditions and innovations in American roots and country music.
Discover Songs,1108,"Song features from NPR Music including All Songs Considered, Song of the Day, Open Mic, Song on Deadline, Music Lists, and more. Listen online to find new music in rock, pop, folk, jazz, urban, blues, classical, and world music. Video sessions of new artists."
Electronic/Dance,135408474,Explore NPR Music's collection of stories and songs in the electronica/dance genre.
Folk,139999257,NPR Music stories featuring folk music.
Hip-Hop,10005,The home of NPR's hip-hop coverage.
In Performance,1040,"Listen to new music, podcasts, live concerts and studio sessions. Watch video sessions. Read interviews with musicians and music reviews. NPR covers the best new songs from rock, pop, folk, jazz, urban, world, and classical music."
Jazz,10002,"Jazz and blues music performances and features from NPR news, NPR cultural programs, and NPR Music stations."
Latin,139996449,NPR Music stories featuring Latin Alternative music.
Music,1039,"NPR Music features, streams, live concerts and music news."
Music Interviews,1105,"Interviews with top musicians from jazz, blues, rock, pop, folk, classical, urban, and world music. Listen online to live studio sessions and musician interviews and watch video sessions."
Music Lists,1107,"Lists of top artists and top songs compiled by musicians, critics, and noted NPR hosts."
Music News,1106,"Current music news, artist interviews, album reviews, and music industry news from NPR Music."
Music Quizzes,1151,Puzzlers from the NPR Music team.
Music Reviews,1104,"Music reviews of new albums in pop, rock, folk, jazz, blues, classical, world, and hip-hop."
Music Videos,1110,"Watch new music videos and live NPR studio sessions featuring top musicians. Discover songs and listen online. NPR covers the best pop, rock, urban, jazz, folk, blues, world, and classical music."
Other,10006,Songs that don't fit into other categories
Pop,139997200,NPR Music stories that discuss pop music.
R&B/Soul,139998808,NPR Music stories that feature R&B and soul music.
Rock,10001,"Rock, pop, and folk music performances and features from NPR news, NPR cultural programs, and NPR Music stations."
Studio Sessions,1103,"Musicians perform and discuss their work in the studios of NPR and NPR Music station partners. Live music sessions, interviews, and the best new songs in rock, pop, folk, classical, jazz, blues, urban, and world music. Watch video sessions."
World,10004,"World music and features from NPR news, NPR cultural programs, and NPR Music stations."
